id,first_name,last_name,email,gender,ip_address
1,Bertina,Jelley,bjelley0@icq.com,Female,179.53.222.198
2,Krystal,Vivien,kvivien1@berkeley.edu,Female,98.174.216.119
3,Oneida,Jzak,ojzak2@google.es,Female,152.219.17.216
4,Curr,Rucklesse,crucklesse3@histats.com,Male,38.104.94.132
5,Damita,Imlach,dimlach4@weebly.com,Female,204.187.143.60
6,Kettie,Pollastrone,kpollastrone5@bbb.org,Female,89.202.9.208
7,Latrena,Rasor,lrasor6@newsvine.com,Female,133.185.9.104
8,Aryn,Bendle,abendle7@theguardian.com,Female,103.31.223.233
9,Mychal,Locarno,mlocarno8@acquirethisname.com,Male,170.107.92.44
10,Adah,Kleinert,akleinert9@npr.org,Female,152.128.10.18
11,Electra,Farquharson,efarquharsona@usnews.com,Female,55.32.213.159
12,Jolie,Widdop,jwiddopb@phpbb.com,Female,108.15.128.105
13,Marilin,Mathe,mmathec@hostgator.com,Female,177.65.160.151
14,Elisha,Naisbitt,enaisbittd@about.com,Male,208.201.238.185
15,Husein,Hansmann,hhansmanne@google.ru,Male,122.195.40.19
16,Silas,Boothby,sboothbyf@bloglines.com,Male,58.238.165.239
17,Mame,Caselick,mcaselickg@blogtalkradio.com,Female,47.106.18.44
18,Normy,Coundley,ncoundleyh@live.com,Male,107.175.25.132
19,Lin,Berriball,lberriballi@behance.net,Male,150.135.197.74
20,Dorris,Hedger,dhedgerj@goo.ne.jp,Female,66.139.131.72
21,Kelley,Orum,korumk@unesco.org,Male,86.113.74.130
22,Ingra,Clackers,iclackersl@skype.com,Male,115.201.5.54
23,Hillie,Guilayn,hguilaynm@apache.org,Male,4.138.67.25
24,Cacilia,MacMeeking,cmacmeekingn@irs.gov,Female,134.209.239.200
25,Aguste,Pimlott,apimlotto@who.int,Male,30.74.83.209
26,Caren,Budleigh,cbudleighp@com.com,Female,224.141.87.70
27,Gaylor,Storks,gstorksq@cbc.ca,Male,245.120.8.226
28,Nicola,Montrose,nmontroser@google.ru,Female,74.192.148.229
29,Nan,Scamerdine,nscamerdines@bluehost.com,Female,4.25.147.64
30,Rutger,White,rwhitet@illinois.edu,Male,132.42.127.102
31,Constanta,Lantaff,clantaffu@theatlantic.com,Female,62.81.116.201
32,Mohandis,Coveley,mcoveleyv@tmall.com,Male,206.105.4.17
33,Jillie,Sommerled,jsommerledw@gravatar.com,Female,192.232.252.83
34,Harriot,Jirus,hjirusx@usgs.gov,Female,162.143.229.25
35,Hurley,O'Hanley,hohanleyy@auda.org.au,Male,85.92.23.116
36,Eustacia,Gernier,egernierz@stumbleupon.com,Female,153.130.146.123
37,Hermie,Rudham,hrudham10@wired.com,Male,175.230.218.22
38,Dulciana,Fahy,dfahy11@ihg.com,Female,225.178.116.159
39,Thorndike,Andell,tandell12@bandcamp.com,Male,86.59.62.240
40,Brandon,Marriner,bmarriner13@youku.com,Male,26.137.44.240
41,Jerad,Goldin,jgoldin14@friendfeed.com,Male,119.97.75.29
42,Rhys,Jurczyk,rjurczyk15@squidoo.com,Male,255.45.191.1
43,Rae,Larder,rlarder16@icq.com,Female,140.110.71.37
44,Chickie,Vint,cvint17@lycos.com,Male,92.72.1.23
45,Lorelei,Durdle,ldurdle18@bloomberg.com,Female,20.117.94.170
46,Jodee,Jira,jjira19@merriam-webster.com,Female,49.112.124.114
47,Waylan,Alleyn,walleyn1a@naver.com,Male,249.89.78.173
48,Cletus,Filyashin,cfilyashin1b@digg.com,Male,86.1.77.237
49,Orren,Dumbellow,odumbellow1c@unblog.fr,Male,192.123.3.99
50,Quincey,Mocker,qmocker1d@stanford.edu,Male,148.51.167.178
51,Lorri,Dougharty,ldougharty1e@smugmug.com,Female,242.113.192.207
52,Demeter,MacGilrewy,dmacgilrewy1f@sourceforge.net,Female,19.222.163.254
53,Ursula,Vance,uvance1g@ycombinator.com,Female,92.184.118.161
54,Cheri,Carabet,ccarabet1h@cdbaby.com,Female,23.186.32.53
55,Zelma,Vials,zvials1i@jimdo.com,Female,151.47.12.18
56,Erv,O'Loughane,eoloughane1j@angelfire.com,Male,160.106.29.39
57,Theresita,Backman,tbackman1k@si.edu,Female,50.215.199.167
58,Jason,Ormond,jormond1l@upenn.edu,Male,211.98.213.51
59,Gerianne,Tenny,gtenny1m@nyu.edu,Female,212.202.236.60
60,Worthington,Vaskin,wvaskin1n@go.com,Male,157.173.229.199
61,Drusilla,Haking,dhaking1o@army.mil,Female,190.22.79.210
62,Janela,Mulqueeny,jmulqueeny1p@tumblr.com,Female,133.246.157.87
63,Gene,Keightley,gkeightley1q@google.ru,Female,135.77.197.212
64,Chloe,Bastone,cbastone1r@typepad.com,Female,100.148.13.113
65,Gwennie,Boyde,gboyde1s@blinklist.com,Female,3.84.172.85
66,Amble,Aldington,aaldington1t@harvard.edu,Male,177.130.225.25
67,Myrlene,Bastow,mbastow1u@umn.edu,Female,49.247.37.211
68,Michele,Wicklin,mwicklin1v@bing.com,Male,39.67.97.57
69,Dill,Vorley,dvorley1w@cpanel.net,Male,255.172.25.225
70,Chris,Rossi,crossi1x@scribd.com,Female,72.23.143.120
71,Delmor,Joselevitz,djoselevitz1y@home.pl,Male,109.47.27.185
72,Layney,McPike,lmcpike1z@yale.edu,Female,26.104.138.84
73,Beverly,Travis,btravis20@sbwire.com,Female,69.218.216.101
74,Teodora,Cheshire,tcheshire21@a8.net,Female,16.237.33.74
75,Zena,Cocozza,zcocozza22@howstuffworks.com,Female,104.120.191.38
76,Hayley,Dring,hdring23@sakura.ne.jp,Female,254.109.96.69
77,Emmit,Sindle,esindle24@1688.com,Male,101.214.114.197
78,Wolf,Hallitt,whallitt25@topsy.com,Male,124.41.57.76
79,Jo-ann,Belasco,jbelasco26@163.com,Female,123.229.123.175
80,Maximo,Kirkness,mkirkness27@cyberchimps.com,Male,92.195.248.105
81,Nonah,Yancey,nyancey28@google.ru,Female,105.149.83.193
82,Barnabas,Crufts,bcrufts29@photobucket.com,Male,58.29.148.3
83,Pennie,Belfitt,pbelfitt2a@icio.us,Male,99.69.75.72
84,Aloysius,Schwandt,aschwandt2b@miitbeian.gov.cn,Male,167.58.35.112
85,Shannon,MacAscaidh,smacascaidh2c@va.gov,Female,243.157.185.215
86,Chelsea,Giorgioni,cgiorgioni2d@redcross.org,Female,207.6.191.34
87,Donall,Crombie,dcrombie2e@canalblog.com,Male,181.29.153.130
88,Fawne,Brasted,fbrasted2f@sina.com.cn,Female,110.140.157.214
89,Joshia,Sorrie,jsorrie2g@msu.edu,Male,86.197.126.54
90,Nanny,Strand,nstrand2h@state.gov,Female,186.181.155.138
91,Dennis,Woolstenholmes,dwoolstenholmes2i@skyrock.com,Male,83.204.126.160
92,Billy,Frape,bfrape2j@pagesperso-orange.fr,Female,66.115.111.198
93,Haskell,Rogez,hrogez2k@hugedomains.com,Male,51.133.235.128
94,Edwin,Tinwell,etinwell2l@abc.net.au,Male,86.92.184.29
95,Ninnette,Matuska,nmatuska2m@prweb.com,Female,61.71.10.172
96,Herby,Haggith,hhaggith2n@amazon.com,Male,173.50.194.157
97,Barby,Neal,bneal2o@tiny.cc,Female,244.139.125.56
98,Mattie,Chavez,mchavez2p@lycos.com,Female,52.91.163.5
99,Kenon,Halmkin,khalmkin2q@tumblr.com,Male,232.188.34.204
100,Vaughn,Menlove,vmenlove2r@hao123.com,Male,1.228.99.6
101,Harli,Melwall,hmelwall2s@army.mil,Female,181.37.188.41
102,Chandler,Bredee,cbredee2t@amazon.com,Male,205.235.130.228
103,Angeline,Rippin,arippin2u@mozilla.com,Female,185.79.191.93
104,Kanya,Kernan,kkernan2v@ftc.gov,Female,160.177.67.66
105,Jacklyn,Goodhand,jgoodhand2w@wordpress.org,Female,138.92.42.6
106,Alicia,Gronauer,agronauer2x@wisc.edu,Female,28.171.173.22
107,Ruthi,Sailor,rsailor2y@reference.com,Female,250.146.197.141
108,Emery,Probets,eprobets2z@ed.gov,Male,228.176.89.200
109,Valenka,Tremmel,vtremmel30@wikimedia.org,Female,189.206.169.59
110,Nanette,Rayment,nrayment31@accuweather.com,Female,50.19.215.253
111,Danica,Sanpere,dsanpere32@google.de,Female,130.114.103.135
112,Xymenes,Jedrzej,xjedrzej33@nsw.gov.au,Male,165.101.195.22
113,Reinold,Wickey,rwickey34@reuters.com,Male,177.130.252.128
114,Abdul,Greson,agreson35@cnn.com,Male,152.163.140.85
115,Sephira,Weatherhill,sweatherhill36@stumbleupon.com,Female,172.146.202.153
116,Lemmie,Proughten,lproughten37@mit.edu,Male,147.124.159.67
117,Ezri,Carmichael,ecarmichael38@accuweather.com,Male,18.73.212.250
118,Rowena,Reading,rreading39@elpais.com,Female,212.179.72.44
119,Dari,Fourman,dfourman3a@twitpic.com,Female,144.159.103.78
120,Pammy,Butler,pbutler3b@princeton.edu,Female,157.163.3.176
121,Baudoin,O'Scanlan,boscanlan3c@un.org,Male,211.61.206.167
122,Kendrick,Runnicles,krunnicles3d@pcworld.com,Male,130.7.235.132
123,Saunders,Winterflood,swinterflood3e@quantcast.com,Male,184.212.108.255
124,Arley,Whitty,awhitty3f@yandex.ru,Male,80.22.220.35
125,Drusilla,Trustie,dtrustie3g@pcworld.com,Female,39.144.4.203
126,Wash,Schwier,wschwier3h@theguardian.com,Male,176.188.48.29
127,Hervey,Baskerville,hbaskerville3i@businessweek.com,Male,19.102.102.196
128,Zitella,Derrick,zderrick3j@aol.com,Female,210.221.219.174
129,Jenda,Penwarden,jpenwarden3k@livejournal.com,Female,50.36.136.69
130,Penny,Angric,pangric3l@posterous.com,Male,176.139.90.204
131,Marleah,Burndred,mburndred3m@census.gov,Female,239.11.131.250
132,Janice,Alexis,jalexis3n@google.pl,Female,206.67.248.182
133,Carlynn,Myott,cmyott3o@nifty.com,Female,145.46.184.63
134,Helen,Lambshine,hlambshine3p@linkedin.com,Female,5.58.80.214
135,Mable,Liebmann,mliebmann3q@mozilla.com,Female,166.219.1.254
136,Georgy,Snasdell,gsnasdell3r@java.com,Male,114.50.168.73
137,Ruy,Silcox,rsilcox3s@alexa.com,Male,210.161.53.15
138,Winston,Scibsey,wscibsey3t@bloomberg.com,Male,40.117.28.156
139,Torrey,Syddie,tsyddie3u@house.gov,Male,188.213.251.159
140,Powell,Beeswing,pbeeswing3v@gmpg.org,Male,14.120.80.103
141,Marty,Renac,mrenac3w@apple.com,Female,174.148.135.128
142,Fulton,Studart,fstudart3x@wired.com,Male,87.106.188.113
143,Starlene,Heintz,sheintz3y@imgur.com,Female,48.120.167.7
144,Amery,Rudolf,arudolf3z@xinhuanet.com,Male,197.146.241.251
145,Dahlia,Holdforth,dholdforth40@technorati.com,Female,25.2.83.129
146,Beverlee,Kenyon,bkenyon41@indiatimes.com,Female,27.177.175.173
147,Lita,Gethin,lgethin42@senate.gov,Female,254.100.193.31
148,Cosette,Wilshere,cwilshere43@bloglines.com,Female,230.219.85.6
149,Darryl,Marzelli,dmarzelli44@cocolog-nifty.com,Male,171.76.98.153
150,Sharity,Hefferan,shefferan45@tinypic.com,Female,59.137.231.198
151,Milt,Ashburner,mashburner46@nyu.edu,Male,172.55.101.91
152,Jaime,Binding,jbinding47@mac.com,Male,171.108.118.183
153,Nady,Pane,npane48@4shared.com,Female,252.23.39.155
154,Doroteya,Hugett,dhugett49@theatlantic.com,Female,252.124.32.63
155,Camella,Penhall,cpenhall4a@issuu.com,Female,95.153.208.50
156,Brent,Hurle,bhurle4b@dell.com,Male,105.160.9.251
157,Aggie,Dewett,adewett4c@last.fm,Female,184.133.138.193
158,Jamaal,Ortiger,jortiger4d@wunderground.com,Male,235.204.9.165
159,Bonnee,Gamblin,bgamblin4e@liveinternet.ru,Female,121.86.135.16
160,Gwyn,Perell,gperell4f@utexas.edu,Female,133.167.213.247
161,Isabella,Jantet,ijantet4g@imdb.com,Female,127.135.94.248
162,Hyman,Hatterslay,hhatterslay4h@umn.edu,Male,252.57.129.221
163,Court,Posnett,cposnett4i@tinyurl.com,Male,109.202.8.254
164,Arlan,Borleace,aborleace4j@altervista.org,Male,5.108.187.189
165,Trish,Hentzer,thentzer4k@cbc.ca,Female,52.50.208.37
166,Bonnie,Frangleton,bfrangleton4l@sbwire.com,Female,181.82.62.155
167,Marvin,Gounard,mgounard4m@blinklist.com,Male,231.126.141.54
168,Darb,Peyzer,dpeyzer4n@dmoz.org,Male,59.194.3.240
169,Richard,Malone,rmalone4o@jiathis.com,Male,8.154.90.24
170,Lu,Ible,lible4p@marriott.com,Female,222.119.83.164
171,Linea,Fidell,lfidell4q@ox.ac.uk,Female,119.94.204.169
172,Richie,Mynott,rmynott4r@bbb.org,Male,102.8.142.2
173,Nat,Stonebridge,nstonebridge4s@rediff.com,Male,250.67.75.201
174,Aurthur,Hallaways,ahallaways4t@google.pl,Male,165.39.180.165
175,Helyn,Ondrusek,hondrusek4u@sakura.ne.jp,Female,225.213.142.186
176,Rebeka,Mesnard,rmesnard4v@usa.gov,Female,41.162.240.237
177,Lucian,Marquese,lmarquese4w@sphinn.com,Male,89.67.223.58
178,Allys,Macewan,amacewan4x@prweb.com,Female,235.172.97.38
179,Nessy,Struss,nstruss4y@php.net,Female,16.184.211.105
180,Edward,Catteroll,ecatteroll4z@friendfeed.com,Male,20.220.2.15
181,Jone,Boshere,jboshere50@businesswire.com,Male,37.40.22.145
182,Jodie,Ybarra,jybarra51@google.it,Male,68.150.209.62
183,Jacki,Gainfort,jgainfort52@joomla.org,Female,136.185.136.15
184,Benjy,Geerits,bgeerits53@etsy.com,Male,99.174.175.191
185,Berny,Crosby,bcrosby54@discuz.net,Female,82.137.9.224
186,Weider,Ennion,wennion55@timesonline.co.uk,Male,96.56.163.106
187,Gwen,Toffanelli,gtoffanelli56@adobe.com,Female,202.95.195.12
188,Alric,Learmouth,alearmouth57@sun.com,Male,169.121.60.105
189,Mehetabel,Aindrais,maindrais58@sakura.ne.jp,Female,185.30.189.67
190,Hussein,Booth,hbooth59@ameblo.jp,Male,102.251.239.209
191,Wildon,Moncey,wmoncey5a@domainmarket.com,Male,17.66.56.204
192,Felita,Tarbox,ftarbox5b@goodreads.com,Female,182.154.70.207
193,Stu,Benediktsson,sbenediktsson5c@xing.com,Male,123.91.114.129
194,Kelila,Caskey,kcaskey5d@comsenz.com,Female,24.70.40.135
195,Ricca,Plewman,rplewman5e@nature.com,Female,253.135.43.206
196,Dare,Hamelyn,dhamelyn5f@squarespace.com,Male,220.248.148.232
197,Tudor,Pink,tpink5g@jimdo.com,Male,99.164.77.19
198,Griffin,Lamlin,glamlin5h@virginia.edu,Male,179.136.203.101
199,Arel,Carney,acarney5i@reuters.com,Male,200.159.59.157
200,Gasparo,Divall,gdivall5j@hhs.gov,Male,136.36.98.42
201,Pippo,Larkcum,plarkcum5k@wufoo.com,Male,192.109.69.23
202,Northrup,Fassan,nfassan5l@about.com,Male,48.24.32.68
203,Neysa,Frie,nfrie5m@last.fm,Female,185.57.181.70
204,Ranna,Line,rline5n@usnews.com,Female,249.191.115.90
205,Karlan,Evert,kevert5o@com.com,Male,84.125.33.139
206,Lesley,Fishley,lfishley5p@diigo.com,Female,114.18.133.243
207,Imogen,Bennetts,ibennetts5q@woothemes.com,Female,201.127.64.179
208,Dory,Oldam,doldam5r@yahoo.com,Female,95.16.62.176
209,Charo,O' Meara,comeara5s@wunderground.com,Female,15.49.227.116
210,Jasmina,Risen,jrisen5t@constantcontact.com,Female,193.81.15.111
211,Winny,Weiss,wweiss5u@unc.edu,Male,236.213.223.227
212,Aprilette,Mycroft,amycroft5v@amazon.co.jp,Female,86.179.75.102
213,Ellis,Grabiec,egrabiec5w@oaic.gov.au,Male,152.166.238.105
214,Annalise,Realph,arealph5x@photobucket.com,Female,211.149.151.9
215,Tracie,De Laci,tdelaci5y@blogspot.com,Male,108.232.22.49
216,Sarette,Sobtka,ssobtka5z@usa.gov,Female,169.159.248.181
217,Adey,Filipponi,afilipponi60@blogtalkradio.com,Female,105.246.94.117
218,Gradey,Carluccio,gcarluccio61@example.com,Male,148.197.146.69
219,Ina,Morales,imorales62@yellowbook.com,Female,214.126.38.42
220,Wilhelmine,Dyneley,wdyneley63@cargocollective.com,Female,40.48.161.22
221,Alisun,Jorgensen,ajorgensen64@cam.ac.uk,Female,74.135.118.225
222,Artus,Botler,abotler65@icio.us,Male,213.222.161.50
223,Durand,Hostan,dhostan66@wunderground.com,Male,144.209.30.153
224,Zeb,Gligoraci,zgligoraci67@shareasale.com,Male,215.95.139.207
225,Friederike,Pennoni,fpennoni68@surveymonkey.com,Female,10.9.108.81
226,Durand,Chaff,dchaff69@pbs.org,Male,56.92.112.247
227,Berta,Murdy,bmurdy6a@usatoday.com,Female,55.255.121.15
228,Tristan,Cornford,tcornford6b@last.fm,Male,72.44.3.244
229,Carlyn,Coopey,ccoopey6c@posterous.com,Female,13.117.102.3
230,Leopold,Carlill,lcarlill6d@myspace.com,Male,53.250.146.145
231,Lucretia,Brownlow,lbrownlow6e@ebay.com,Female,223.41.165.113
232,Andi,McGaugey,amcgaugey6f@live.com,Female,133.49.13.159
233,Filmore,Mellsop,fmellsop6g@creativecommons.org,Male,134.104.83.89
234,Torrance,Stear,tstear6h@globo.com,Male,48.59.245.138
235,Nicolai,Kinnie,nkinnie6i@gizmodo.com,Male,212.117.242.255
236,Theresa,McRorie,tmcrorie6j@netvibes.com,Female,230.30.63.203
237,Alberik,Grenter,agrenter6k@yahoo.com,Male,33.143.0.59
238,Rafaela,Leckie,rleckie6l@soundcloud.com,Female,206.86.184.151
239,Karrah,Trudgian,ktrudgian6m@purevolume.com,Female,11.136.131.206
240,Stefan,Molden,smolden6n@howstuffworks.com,Male,168.137.173.124
241,Brewster,Vagg,bvagg6o@soup.io,Male,194.218.100.166
242,Flossi,Andrysek,fandrysek6p@harvard.edu,Female,11.100.32.183
243,Miltie,Kubek,mkubek6q@moonfruit.com,Male,184.21.242.133
244,Chris,Heskey,cheskey6r@skype.com,Male,140.10.9.96
245,Gerik,Holby,gholby6s@discovery.com,Male,1.32.210.171
246,Gorden,Lukianov,glukianov6t@si.edu,Male,70.28.81.155
247,Aloysia,Drife,adrife6u@alibaba.com,Female,11.25.43.42
248,Megan,Braunton,mbraunton6v@blinklist.com,Female,200.4.21.96
249,Johannes,Alexsandrov,jalexsandrov6w@wsj.com,Male,123.68.161.19
250,Tab,Hamlett,thamlett6x@miitbeian.gov.cn,Male,209.50.223.237
251,Kathleen,O'Gleasane,kogleasane6y@wsj.com,Female,204.243.56.101
252,Krisha,Farrans,kfarrans6z@discovery.com,Male,50.214.70.62
253,Ase,Pecha,apecha70@miibeian.gov.cn,Male,194.122.41.89
254,Kay,Osmar,kosmar71@geocities.jp,Female,91.110.105.190
255,Saw,Kiefer,skiefer72@discovery.com,Male,248.62.83.12
256,Teodoor,Cuthbertson,tcuthbertson73@upenn.edu,Male,178.209.1.52
257,Hayes,Gunston,hgunston74@taobao.com,Male,34.239.232.192
258,Adolph,Dudderidge,adudderidge75@wp.com,Male,121.210.14.255
259,Valentijn,Orteau,vorteau76@skyrock.com,Male,17.41.227.209
260,Kara-lynn,Beacom,kbeacom77@biblegateway.com,Female,180.112.214.134
261,Fields,Colnet,fcolnet78@omniture.com,Male,68.209.93.210
262,Arlin,Tetford,atetford79@clickbank.net,Male,138.54.215.146
263,Bernetta,Gyurkovics,bgyurkovics7a@freewebs.com,Female,240.168.141.85
264,Whittaker,Fossord,wfossord7b@harvard.edu,Male,167.178.74.210
265,Ludovico,Cluney,lcluney7c@msu.edu,Male,3.168.29.226
266,Maureen,Inman,minman7d@netscape.com,Female,58.100.16.125
267,Francklin,Matejic,fmatejic7e@mozilla.com,Male,233.141.94.120
268,Luther,Ingram,lingram7f@github.com,Male,237.224.154.62
269,Kora,Chaston,kchaston7g@cnbc.com,Female,61.45.158.162
270,Rockey,Astupenas,rastupenas7h@livejournal.com,Male,236.143.201.67
271,Hunt,Vader,hvader7i@japanpost.jp,Male,59.233.254.31
272,Shelton,Fussey,sfussey7j@imgur.com,Male,74.202.228.220
273,Laney,O'Towey,lotowey7k@sfgate.com,Female,185.170.235.108
274,Winonah,Swindell,wswindell7l@myspace.com,Female,202.230.66.104
275,Carrissa,Kesey,ckesey7m@amazon.co.uk,Female,24.189.196.174
276,Jackie,Ficken,jficken7n@senate.gov,Female,218.38.150.85
277,Jeff,Tinn,jtinn7o@disqus.com,Male,102.224.145.12
278,Paxon,Scoggin,pscoggin7p@google.co.jp,Male,186.38.219.66
279,Noah,Kellart,nkellart7q@answers.com,Male,127.245.111.211
280,Leland,Pawels,lpawels7r@exblog.jp,Male,65.137.22.14
281,Shalne,Babe,sbabe7s@mayoclinic.com,Female,35.150.134.176
282,Kirbie,Brandino,kbrandino7t@symantec.com,Female,84.186.246.52
283,Kevan,Winram,kwinram7u@spotify.com,Male,87.167.176.211
284,Vassily,Featenby,vfeatenby7v@wikimedia.org,Male,143.183.122.138
285,Ilyse,Wernher,iwernher7w@ask.com,Female,228.143.167.164
286,Collie,Pipworth,cpipworth7x@epa.gov,Female,72.77.159.160
287,Shoshana,Vell,svell7y@google.com.au,Female,14.0.116.21
288,Gaspar,Boscher,gboscher7z@china.com.cn,Male,58.78.82.184
289,Nadia,Mander,nmander80@webs.com,Female,10.106.120.56
290,Anton,Staries,astaries81@dropbox.com,Male,178.28.114.134
291,Kit,Pasmore,kpasmore82@furl.net,Male,91.207.189.143
292,Lowrance,Loker,lloker83@pbs.org,Male,241.114.116.36
293,Hannis,Hazel,hhazel84@wp.com,Female,188.229.111.215
294,Giustino,Cacacie,gcacacie85@imageshack.us,Male,59.88.126.228
295,Rolfe,Oloman,roloman86@google.es,Male,160.58.121.80
296,Carlyle,Doone,cdoone87@mac.com,Male,187.93.238.145
297,Olia,Fallows,ofallows88@biblegateway.com,Female,155.164.185.6
298,Lynnelle,Gorling,lgorling89@google.ca,Female,216.147.188.247
299,Kennie,Cardozo,kcardozo8a@macromedia.com,Male,39.88.201.215
300,Stan,Halfpenny,shalfpenny8b@marketwatch.com,Male,133.251.183.3
301,Petronille,Mussotti,pmussotti8c@trellian.com,Female,251.206.234.235
302,Leicester,Donisi,ldonisi8d@bizjournals.com,Male,250.13.56.22
303,Aili,Quipp,aquipp8e@java.com,Female,248.146.105.22
304,Florida,Giocannoni,fgiocannoni8f@netscape.com,Female,7.167.230.101
305,Daisi,Graffham,dgraffham8g@a8.net,Female,103.201.156.223
306,Tova,Ponton,tponton8h@networksolutions.com,Female,222.212.35.228
307,Maurie,Swaddle,mswaddle8i@nps.gov,Male,161.130.65.199
308,Fiona,Justice,fjustice8j@angelfire.com,Female,6.194.156.51
309,Magdalen,Spencley,mspencley8k@apple.com,Female,56.67.16.41
310,Rickey,Pau,rpau8l@aol.com,Male,97.188.58.168
311,Taddeo,Kinig,tkinig8m@webs.com,Male,227.226.39.239
312,Raffaello,Ridgedell,rridgedell8n@nbcnews.com,Male,223.183.5.52
313,Ninnette,MacKimmie,nmackimmie8o@comsenz.com,Female,33.218.146.217
314,Diandra,MacCurlye,dmaccurlye8p@mapy.cz,Female,89.90.102.34
315,Shaughn,Rapps,srapps8q@goo.gl,Male,11.68.147.87
316,Bucky,Dmtrovic,bdmtrovic8r@narod.ru,Male,185.22.128.164
317,Alano,MacGow,amacgow8s@google.ca,Male,51.159.138.253
318,Neila,Jewitt,njewitt8t@reuters.com,Female,28.25.197.250
319,Carly,Edson,cedson8u@newsvine.com,Female,28.24.39.135
320,Ingram,Fairney,ifairney8v@mail.ru,Male,120.109.108.16
321,Fanechka,Lydiatt,flydiatt8w@mac.com,Female,244.112.130.50
322,Shell,Ollivier,sollivier8x@newyorker.com,Male,183.212.113.242
323,Hank,Burlingame,hburlingame8y@smh.com.au,Male,19.122.239.140
324,Bevon,Gearing,bgearing8z@toplist.cz,Male,82.26.61.153
325,Franni,Sturr,fsturr90@livejournal.com,Female,97.23.38.3
326,Jackquelin,Ding,jding91@goodreads.com,Female,126.8.25.136
327,Rakel,Sherwen,rsherwen92@yellowpages.com,Female,21.75.53.159
328,Moira,Dyble,mdyble93@redcross.org,Female,83.150.201.113
329,Kimmi,Krebs,kkrebs94@intel.com,Female,60.49.249.226
330,Ignacius,Elcome,ielcome95@icio.us,Male,72.220.150.144
331,Vita,Cornelisse,vcornelisse96@hhs.gov,Female,53.58.247.211
332,Wallis,Edmand,wedmand97@dell.com,Female,142.51.76.228
333,Mela,Shivell,mshivell98@storify.com,Female,212.196.170.157
334,Vic,Cannon,vcannon99@seesaa.net,Male,134.239.122.16
335,Gavin,Manger,gmanger9a@miibeian.gov.cn,Male,147.207.15.71
336,Kristi,MacKenny,kmackenny9b@yahoo.co.jp,Female,90.11.162.214
337,Carlye,Prestidge,cprestidge9c@forbes.com,Female,129.31.69.177
338,Lavinia,Heskin,lheskin9d@drupal.org,Female,252.230.104.129
339,Darci,Gascoine,dgascoine9e@booking.com,Female,137.134.109.176
340,Gilli,Forward,gforward9f@bing.com,Female,42.107.196.167
341,Nessa,Etchingham,netchingham9g@about.com,Female,83.96.172.5
342,Margarete,Davidovsky,mdavidovsky9h@marriott.com,Female,51.252.138.89
343,Norine,Wayt,nwayt9i@theglobeandmail.com,Female,59.133.137.133
344,Forest,Cheesley,fcheesley9j@typepad.com,Male,127.207.50.131
345,Evangeline,Muir,emuir9k@epa.gov,Female,61.218.25.118
346,Roy,Dorricott,rdorricott9l@noaa.gov,Male,181.121.204.127
347,Eduardo,Greveson,egreveson9m@cbslocal.com,Male,166.232.61.18
348,Staford,Airlie,sairlie9n@ed.gov,Male,114.144.83.217
349,Georgia,Wigan,gwigan9o@mozilla.com,Female,35.86.112.173
350,Lyndell,Paton,lpaton9p@bbb.org,Female,152.199.89.127
351,Lynde,Iverson,liverson9q@naver.com,Female,84.247.72.34
352,Giulio,Wormald,gwormald9r@google.com,Male,199.197.71.146
353,Worden,Newcomen,wnewcomen9s@blog.com,Male,245.100.217.69
354,Chris,Lead,clead9t@yandex.ru,Female,138.191.101.163
355,Archaimbaud,Draayer,adraayer9u@ycombinator.com,Male,132.121.130.196
356,Maisie,Lethieulier,mlethieulier9v@howstuffworks.com,Female,58.84.136.195
357,Della,Etoile,detoile9w@amazon.co.jp,Female,142.255.79.164
358,Gerek,Persicke,gpersicke9x@ycombinator.com,Male,17.93.144.19
359,Tedd,Purdey,tpurdey9y@tamu.edu,Male,104.123.245.205
360,Karola,Suthren,ksuthren9z@wordpress.com,Female,106.16.189.91
361,Oona,Dubois,oduboisa0@chronoengine.com,Female,133.229.15.240
362,Elbertina,Posselwhite,eposselwhitea1@independent.co.uk,Female,90.144.241.137
363,Yovonnda,Kerrod,ykerroda2@hostgator.com,Female,149.71.207.36
364,Felicio,Croux,fcrouxa3@umn.edu,Male,144.145.86.122
365,Wandie,Walklate,wwalklatea4@nbcnews.com,Female,5.166.114.198
366,Wilbur,Wolfendale,wwolfendalea5@fda.gov,Male,236.120.126.2
367,Theresita,Keedwell,tkeedwella6@pcworld.com,Female,49.227.110.172
368,Eddy,Twitching,etwitchinga7@ibm.com,Male,17.78.101.1
369,Moselle,Stuer,mstuera8@sphinn.com,Female,96.40.7.2
370,Billie,Impett,bimpetta9@omniture.com,Male,160.122.53.102
371,Kerwinn,Jozefczak,kjozefczakaa@techcrunch.com,Male,114.119.46.15
372,Frayda,Whitmell,fwhitmellab@loc.gov,Female,18.32.110.179
373,Onfre,Adamski,oadamskiac@jalbum.net,Male,54.40.91.41
374,Gwenore,Bysaker,gbysakerad@tripod.com,Female,8.9.152.136
375,Gilbertine,Stanbra,gstanbraae@storify.com,Female,20.188.6.31
376,Brinna,Kirkness,bkirknessaf@chron.com,Female,91.203.122.81
377,Lydie,Owbrick,lowbrickag@ca.gov,Female,9.177.172.241
378,Lurleen,Hitschke,lhitschkeah@moonfruit.com,Female,97.144.47.99
379,Tyne,Keitch,tkeitchai@google.fr,Female,251.142.57.29
380,Haily,Le Gassick,hlegassickaj@baidu.com,Male,54.214.154.147
381,Kalvin,Wimpenny,kwimpennyak@blogs.com,Male,249.27.153.70
382,Caprice,Itzcovich,citzcovichal@ucla.edu,Female,188.11.15.50
383,Sheff,Isoldi,sisoldiam@auda.org.au,Male,239.94.54.229
384,Berky,Keller,bkelleran@ihg.com,Male,83.211.202.69
385,Zita,Hutfield,zhutfieldao@economist.com,Female,26.33.222.174
386,Alicia,Mandel,amandelap@mysql.com,Female,172.63.196.240
387,Mignon,Godson,mgodsonaq@people.com.cn,Female,100.40.180.77
388,Dewain,De la Barre,ddelabarrear@printfriendly.com,Male,160.25.166.214
389,Fanya,Mathissen,fmathissenas@so-net.ne.jp,Female,60.255.91.51
390,Ethe,Foxten,efoxtenat@xing.com,Male,158.90.85.83
391,Terra,Rangell,trangellau@yellowpages.com,Female,58.120.93.142
392,Bertina,Guillerman,bguillermanav@list-manage.com,Female,100.118.77.29
393,Elisa,Chazette,echazetteaw@symantec.com,Female,97.138.33.228
394,Seamus,Blasli,sblasliax@godaddy.com,Male,215.35.57.107
395,Cad,Seamon,cseamonay@yandex.ru,Male,120.203.36.120
396,Tremaine,Albisser,talbisseraz@chron.com,Male,143.227.236.51
397,Rene,Gainsboro,rgainsborob0@free.fr,Male,113.196.93.237
398,Austina,Sunshine,asunshineb1@census.gov,Female,5.103.157.27
399,Victoria,Speenden,vspeendenb2@gnu.org,Female,54.37.197.102
400,Lynna,Rake,lrakeb3@dot.gov,Female,107.210.151.38
401,Corabelle,Sarfatti,csarfattib4@live.com,Female,134.53.145.9
402,Mendy,Pengilley,mpengilleyb5@creativecommons.org,Male,59.10.153.118
403,Nedi,Macari,nmacarib6@disqus.com,Female,155.97.27.189
404,Joyan,Reide,jreideb7@tamu.edu,Female,111.152.155.93
405,Gauthier,Oakey,goakeyb8@cyberchimps.com,Male,249.143.118.31
406,Shem,Mair,smairb9@weebly.com,Male,154.76.203.16
407,Nicky,Ruane,nruaneba@npr.org,Female,111.51.196.83
408,Alli,Burtwistle,aburtwistlebb@dot.gov,Female,45.244.94.157
409,Aleksandr,Freeborn,afreebornbc@seesaa.net,Male,229.41.18.16
410,Ainslie,Marjoribanks,amarjoribanksbd@ustream.tv,Female,108.10.95.218
411,Alex,Dellenbrok,adellenbrokbe@wikispaces.com,Female,63.108.205.1
412,Brett,Sidwell,bsidwellbf@unblog.fr,Male,67.153.8.4
413,Oates,Ossenna,oossennabg@friendfeed.com,Male,143.165.17.153
414,Maggie,Wixey,mwixeybh@gov.uk,Female,145.141.130.102
415,Cindee,Hurling,churlingbi@wp.com,Female,122.39.166.147
416,Julian,Mucci,jmuccibj@clickbank.net,Male,50.185.136.161
417,Deirdre,Dyster,ddysterbk@buzzfeed.com,Female,60.225.242.133
418,Blondelle,Benford,bbenfordbl@de.vu,Female,16.230.57.7
419,Dedie,Rawkesby,drawkesbybm@wufoo.com,Female,237.224.37.205
420,Roseanne,Blogg,rbloggbn@squarespace.com,Female,219.8.234.8
421,Rory,Ysson,ryssonbo@newyorker.com,Male,185.160.239.247
422,Barry,Kalkofer,bkalkoferbp@prnewswire.com,Male,1.75.138.110
423,Herman,Rannells,hrannellsbq@prweb.com,Male,94.246.165.180
424,Federica,Singyard,fsingyardbr@icio.us,Female,33.183.217.124
425,Sheffy,Taillard,staillardbs@google.ru,Male,148.62.178.250
426,Jedd,Neave,jneavebt@deliciousdays.com,Male,41.175.70.14
427,Francklin,Smallshaw,fsmallshawbu@archive.org,Male,89.192.168.145
428,Babb,Gout,bgoutbv@reverbnation.com,Female,234.182.133.60
429,Brandon,Folonin,bfoloninbw@shutterfly.com,Male,112.194.232.152
430,Dunstan,Crumly,dcrumlybx@4shared.com,Male,174.50.83.236
431,Yehudi,Dewes,ydewesby@blogspot.com,Male,58.3.94.160
432,Myrta,Pawlaczyk,mpawlaczykbz@dell.com,Female,169.36.197.192
433,Denver,Easdon,deasdonc0@icq.com,Male,235.220.46.162
434,Murry,Duiguid,mduiguidc1@webs.com,Male,196.254.215.143
435,Karina,Lissemore,klissemorec2@vinaora.com,Female,227.195.255.226
436,Lynnette,Gillebert,lgillebertc3@cnn.com,Female,72.175.158.51
437,Hobey,Shier,hshierc4@ebay.com,Male,202.189.186.232
438,Lennie,Tenaunt,ltenauntc5@walmart.com,Male,120.196.34.13
439,Georgetta,Bingham,gbinghamc6@reuters.com,Female,123.237.82.16
440,Creight,Goulbourn,cgoulbournc7@xrea.com,Male,194.178.9.147
441,Geno,Narramor,gnarramorc8@npr.org,Male,157.176.206.97
442,Morgen,Mosdell,mmosdellc9@tiny.cc,Female,55.232.132.91
443,Tamas,Daubney,tdaubneyca@ycombinator.com,Male,164.63.15.222
444,Lib,Somes,lsomescb@jiathis.com,Female,219.158.240.197
445,Francois,Mannix,fmannixcc@dmoz.org,Male,16.37.179.136
446,Bette,Conyer,bconyercd@theatlantic.com,Female,115.250.2.205
447,Edi,Fuggle,efugglece@gnu.org,Female,232.5.201.32
448,Scarlet,Sonnenschein,ssonnenscheincf@goodreads.com,Female,144.225.235.103
449,Selinda,Milch,smilchcg@washington.edu,Female,177.239.21.60
450,Yardley,Doram,ydoramch@amazon.com,Male,66.137.135.45
451,Cammie,Pinks,cpinksci@comsenz.com,Female,169.253.212.134
452,Verene,Brickell,vbrickellcj@virginia.edu,Female,246.31.53.17
453,Burch,Molineaux,bmolineauxck@barnesandnoble.com,Male,3.181.115.101
454,Cathi,Kirkhouse,ckirkhousecl@edublogs.org,Female,149.8.99.4
455,Christa,Edmans,cedmanscm@technorati.com,Female,136.167.182.3
456,Barbara-anne,Defont,bdefontcn@icq.com,Female,224.199.17.65
457,Consolata,Ellar,cellarco@prnewswire.com,Female,3.171.53.14
458,Ginger,Darton,gdartoncp@tamu.edu,Male,42.212.215.52
459,Flin,Chismon,fchismoncq@sakura.ne.jp,Male,67.195.124.44
460,Mead,Whittet,mwhittetcr@sitemeter.com,Female,227.16.10.108
461,Thalia,Cattach,tcattachcs@spotify.com,Female,80.189.102.241
462,Ryon,Belch,rbelchct@imageshack.us,Male,22.55.18.242
463,Melamie,Tootin,mtootincu@barnesandnoble.com,Female,56.205.190.59
464,Lockwood,Limbourne,llimbournecv@naver.com,Male,81.38.60.71
465,Zachariah,Le feaver,zlefeavercw@oaic.gov.au,Male,155.15.10.33
466,Any,Braund,abraundcx@plala.or.jp,Male,59.217.143.87
467,Cecilla,Vischi,cvischicy@theglobeandmail.com,Female,18.26.159.252
468,Mechelle,Glander,mglandercz@ted.com,Female,59.53.227.89
469,Michel,Banbury,mbanburyd0@craigslist.org,Female,116.224.200.55
470,Vivianna,Christopherson,vchristophersond1@icio.us,Female,235.148.162.63
471,Dwayne,Laverick,dlaverickd2@e-recht24.de,Male,168.9.207.235
472,Neysa,Freke,nfreked3@merriam-webster.com,Female,178.171.143.84
473,Melicent,Austick,maustickd4@europa.eu,Female,54.170.4.6
474,Alexio,Feye,afeyed5@tripod.com,Male,57.214.231.22
475,Eran,Hilliam,ehilliamd6@sfgate.com,Female,227.41.128.249
476,Joaquin,McGow,jmcgowd7@stumbleupon.com,Male,11.240.183.2
477,Lanny,Cowlam,lcowlamd8@51.la,Male,69.15.80.15
478,Darleen,Janoschek,djanoschekd9@amazonaws.com,Female,69.86.109.135
479,Diarmid,Falla,dfallada@springer.com,Male,92.131.94.168
480,Llewellyn,Koene,lkoenedb@barnesandnoble.com,Male,125.97.53.54
481,Lonnie,Marchant,lmarchantdc@toplist.cz,Male,67.36.83.60
482,Herrick,Trethowan,htrethowandd@thetimes.co.uk,Male,77.34.192.119
483,Bobbi,Warton,bwartonde@hubpages.com,Female,25.87.55.63
484,Eada,Adamson,eadamsondf@earthlink.net,Female,140.51.165.99
485,Sheree,Baldassi,sbaldassidg@discovery.com,Female,242.242.227.204
486,Nels,Moreby,nmorebydh@sfgate.com,Male,41.169.94.175
487,Hazel,Bantick,hbantickdi@webeden.co.uk,Male,182.101.26.164
488,Patti,Noades,pnoadesdj@g.co,Female,186.184.51.206
489,Aguste,Pledge,apledgedk@etsy.com,Male,130.252.152.221
490,Davis,Hassall,dhassalldl@e-recht24.de,Male,128.201.157.199
491,Jeff,Eyers,jeyersdm@4shared.com,Male,34.249.80.100
492,Loella,Thornally,lthornallydn@tinypic.com,Female,96.116.97.161
493,Emmeline,Brumfitt,ebrumfittdo@fc2.com,Female,172.51.69.138
494,Geralda,Toffel,gtoffeldp@github.com,Female,83.109.141.35
495,Ailyn,Leitche,aleitchedq@hatena.ne.jp,Female,43.246.231.66
496,Maggee,Banaszczyk,mbanaszczykdr@bravesites.com,Female,105.193.120.155
497,Natal,McGray,nmcgrayds@wsj.com,Male,164.195.55.36
498,Fiann,Johnson,fjohnsondt@google.nl,Female,103.48.170.29
499,Nikos,Dutnall,ndutnalldu@auda.org.au,Male,173.225.243.133
500,Ammamaria,Cobbing,acobbingdv@reverbnation.com,Female,225.137.10.30
501,Abbe,Ruste,arustedw@nasa.gov,Female,89.182.124.162
502,Sibbie,St Quenin,sstquenindx@boston.com,Female,38.192.220.147
503,Richart,Fairburne,rfairburnedy@sohu.com,Male,172.20.127.90
504,Vlad,Emmett,vemmettdz@bing.com,Male,89.158.230.67
505,Meredith,Antowski,mantowskie0@cnet.com,Female,247.156.179.231
506,Fidelio,Goudman,fgoudmane1@squarespace.com,Male,46.140.108.6
507,Cristabel,McKennan,cmckennane2@ox.ac.uk,Female,43.95.218.139
508,Lynne,Clayworth,lclayworthe3@state.tx.us,Female,169.248.72.75
509,Avigdor,Arundale,aarundalee4@ebay.co.uk,Male,192.128.8.38
510,Nikolia,Code,ncodee5@adobe.com,Female,169.6.180.65
511,Pennie,Wickardt,pwickardte6@oracle.com,Female,175.6.209.191
512,Cherise,Edmonson,cedmonsone7@people.com.cn,Female,143.83.89.1
513,Farly,Flucks,ffluckse8@oakley.com,Male,116.158.38.48
514,Kendra,Salsberg,ksalsberge9@wikispaces.com,Female,11.122.203.34
515,Silvester,Puig,spuigea@home.pl,Male,122.230.202.253
516,Rock,Fowls,rfowlseb@wikipedia.org,Male,56.132.141.222
517,Roshelle,Emblem,remblemec@rambler.ru,Female,231.191.167.31
518,Benny,Ison,bisoned@weather.com,Female,56.107.148.68
519,Brittan,Durbyn,bdurbynee@arizona.edu,Female,103.246.11.101
520,Josepha,Vallentine,jvallentineef@webs.com,Female,140.181.241.39
521,Rouvin,Norvell,rnorvelleg@pen.io,Male,172.63.99.18
522,Eden,Ducker,educkereh@wunderground.com,Female,143.47.158.168
523,Alane,Jowsey,ajowseyei@ehow.com,Female,210.233.217.61
524,Jacqui,Aiskrigg,jaiskriggej@symantec.com,Female,233.215.153.123
525,Prue,Nairn,pnairnek@desdev.cn,Female,81.166.38.108
526,Minnaminnie,Garmans,mgarmansel@elpais.com,Female,58.63.88.216
527,Kearney,Seary,ksearyem@typepad.com,Male,129.51.160.156
528,Worth,MacAiline,wmacailineen@mysql.com,Male,145.249.201.207
529,Terrye,Campos,tcamposeo@vistaprint.com,Female,216.40.93.203
530,Chandler,Libri,clibriep@bluehost.com,Male,111.194.243.137
531,Tudor,Feeny,tfeenyeq@columbia.edu,Male,177.77.47.122
532,Batholomew,Pantone,bpantoneer@lycos.com,Male,187.183.110.88
533,Virge,Cosans,vcosanses@soup.io,Male,128.220.54.210
534,Kylila,Rawkesby,krawkesbyet@bloglines.com,Female,83.228.127.54
535,Ty,Revel,treveleu@arstechnica.com,Male,232.78.125.175
536,June,Haslehurst,jhaslehurstev@vinaora.com,Female,46.205.109.83
537,Lonnard,Ashingden,lashingdenew@mapquest.com,Male,137.186.99.161
538,Ruprecht,Greader,rgreaderex@wikispaces.com,Male,171.91.5.70
539,Ivar,Trevaskiss,itrevaskissey@cyberchimps.com,Male,218.171.32.150
540,Zora,Hoonahan,zhoonahanez@cam.ac.uk,Female,192.104.80.50
541,Yorgo,Arent,yarentf0@ucsd.edu,Male,40.52.161.41
542,Barbey,Peaseman,bpeasemanf1@usda.gov,Female,136.177.175.250
543,Zena,Stubbings,zstubbingsf2@vinaora.com,Female,64.120.162.53
544,Kenyon,Darthe,kdarthef3@admin.ch,Male,12.57.197.58
545,Kristan,Dovey,kdoveyf4@geocities.jp,Female,119.156.77.112
546,Griffin,Sweed,gsweedf5@weibo.com,Male,168.103.250.133
547,Kenn,Brashaw,kbrashawf6@youku.com,Male,40.148.202.241
548,Bald,Gippes,bgippesf7@spiegel.de,Male,116.227.201.216
549,Robenia,Leggett,rleggettf8@slate.com,Female,171.65.255.36
550,Lyell,Simoneton,lsimonetonf9@wiley.com,Male,12.198.176.156
551,Marilyn,Payze,mpayzefa@facebook.com,Female,27.8.163.14
552,Adella,Caillou,acailloufb@techcrunch.com,Female,84.126.11.142
553,Sibyl,Trimmill,strimmillfc@ihg.com,Male,143.9.150.100
554,Wheeler,Shutt,wshuttfd@prweb.com,Male,24.29.170.160
555,Elvira,Scathard,escathardfe@google.it,Female,67.106.101.60
556,Filide,Sones,fsonesff@soup.io,Female,146.193.139.192
557,Clarice,Ticehurst,cticehurstfg@fda.gov,Female,119.33.210.230
558,Doralyn,Folomkin,dfolomkinfh@about.me,Female,42.111.62.133
559,Archibald,Given,agivenfi@fotki.com,Male,117.115.185.166
560,Washington,Barmby,wbarmbyfj@histats.com,Male,121.211.103.142
561,Gilbert,Barsby,gbarsbyfk@illinois.edu,Male,11.185.162.72
562,Xavier,Hornbuckle,xhornbucklefl@merriam-webster.com,Male,232.26.120.203
563,Angeline,Ingerith,aingerithfm@gnu.org,Female,107.243.214.233
564,Ki,Fryer,kfryerfn@pen.io,Female,118.138.210.14
565,Dasha,Gatley,dgatleyfo@w3.org,Female,56.19.128.218
566,Marlow,St Ledger,mstledgerfp@bloglovin.com,Male,163.78.180.210
567,Yvon,Lawtie,ylawtiefq@discovery.com,Male,18.220.235.249
568,Tanny,Rosone,trosonefr@xinhuanet.com,Male,85.100.219.81
569,Guthrey,Bulcock,gbulcockfs@eventbrite.com,Male,201.16.146.9
570,Addy,Lednor,alednorft@amazon.com,Male,153.27.203.54
571,Grethel,Bridat,gbridatfu@gmpg.org,Female,147.147.181.41
572,Rhett,Orsay,rorsayfv@about.me,Male,201.76.210.46
573,Johnny,Nickoll,jnickollfw@china.com.cn,Male,44.34.163.139
574,Kitty,Goodinson,kgoodinsonfx@fotki.com,Female,56.220.10.128
575,Camille,Luker,clukerfy@123-reg.co.uk,Female,2.25.114.53
576,Emeline,Blaze,eblazefz@rakuten.co.jp,Female,249.75.248.53
577,Karney,Isacsson,kisacssong0@upenn.edu,Male,221.25.136.109
578,Aimil,Rountree,arountreeg1@wunderground.com,Female,114.230.185.159
579,Boothe,Endean,bendeang2@cnbc.com,Male,223.173.246.221
580,Averil,Stollenbecker,astollenbeckerg3@php.net,Male,199.188.224.228
581,Annabelle,Boast,aboastg4@hp.com,Female,67.237.107.101
582,Rania,Theunissen,rtheunisseng5@ucsd.edu,Female,68.41.153.156
583,Holt,Kaser,hkaserg6@addthis.com,Male,171.150.245.24
584,Quintilla,Bolesma,qbolesmag7@un.org,Female,72.175.13.39
585,Godard,Fortnam,gfortnamg8@goodreads.com,Male,152.218.96.13
586,Donny,Lyard,dlyardg9@redcross.org,Female,187.156.93.3
587,Gilburt,Gillino,ggillinoga@ca.gov,Male,23.151.193.98
588,Sheelagh,Khan,skhangb@bloglines.com,Female,132.209.102.176
589,Margit,Water,mwatergc@tuttocitta.it,Female,146.77.142.8
590,Inigo,Filipczak,ifilipczakgd@behance.net,Male,241.71.105.165
591,Antonetta,Llopis,allopisge@sbwire.com,Female,16.167.50.156
592,Pippo,Coller,pcollergf@nature.com,Male,117.177.50.16
593,Adela,Ashleigh,aashleighgg@mysql.com,Female,187.109.248.167
594,Jessy,Elam,jelamgh@imdb.com,Female,21.95.37.148
595,Harlen,Erb,herbgi@stanford.edu,Male,44.212.195.53
596,Zaria,Haly,zhalygj@hubpages.com,Female,49.152.11.116
597,Humfried,Kingaby,hkingabygk@sfgate.com,Male,148.203.176.82
598,Brita,Hickford,bhickfordgl@sitemeter.com,Female,83.110.32.81
599,Glory,Seagar,gseagargm@economist.com,Female,252.71.192.246
600,Rolph,Bartles,rbartlesgn@nih.gov,Male,195.102.109.70
601,Tabor,Pesticcio,tpesticciogo@stanford.edu,Male,27.51.106.91
602,Allan,Tatlowe,atatlowegp@timesonline.co.uk,Male,151.150.49.24
603,Storm,Tumbelty,stumbeltygq@wikispaces.com,Female,208.81.72.188
604,Lannie,Larking,llarkinggr@icio.us,Male,125.160.198.147
605,Dan,Boydon,dboydongs@nsw.gov.au,Male,53.121.172.47
606,Berti,Poate,bpoategt@myspace.com,Male,217.79.30.151
607,Sallyann,Toms,stomsgu@networksolutions.com,Female,205.2.68.163
608,Laughton,Clucas,lclucasgv@altervista.org,Male,196.120.244.68
609,Clerc,Rotter,crottergw@japanpost.jp,Male,157.65.166.3
610,Odelinda,Fantham,ofanthamgx@bing.com,Female,47.94.91.108
611,Town,Harder,thardergy@live.com,Male,149.156.139.80
612,Bronson,Farquarson,bfarquarsongz@4shared.com,Male,117.101.228.73
613,Kay,Nowill,knowillh0@techcrunch.com,Female,13.165.7.52
614,Isador,Handscombe,ihandscombeh1@gmpg.org,Male,139.200.112.30
615,Walt,Scarre,wscarreh2@mediafire.com,Male,232.28.172.111
616,Delcine,Gegg,dgeggh3@bbb.org,Female,53.19.113.246
617,Harry,Leadbeater,hleadbeaterh4@surveymonkey.com,Male,163.192.114.15
618,Fanchon,Deeney,fdeeneyh5@youtu.be,Female,133.88.242.112
619,Cornell,MacCome,cmaccomeh6@unc.edu,Male,83.94.163.124
620,Jolene,Gudde,jguddeh7@ocn.ne.jp,Female,79.21.92.17
621,Leo,Coode,lcoodeh8@youtube.com,Male,84.200.9.135
622,Barri,Fenney,bfenneyh9@ihg.com,Male,130.214.162.116
623,Oneida,Poole,opooleha@salon.com,Female,17.108.113.89
624,Siana,Penreth,spenrethhb@psu.edu,Female,166.246.116.182
625,Ezra,Cottell,ecottellhc@infoseek.co.jp,Male,104.237.99.46
626,Timotheus,Stark,tstarkhd@google.pl,Male,10.12.59.171
627,Paloma,Birdfield,pbirdfieldhe@seesaa.net,Female,55.3.204.204
628,Reed,Swift,rswifthf@eepurl.com,Male,174.21.38.36
629,Tatiania,Scrowston,tscrowstonhg@netvibes.com,Female,119.226.181.136
630,Elyn,Schuler,eschulerhh@odnoklassniki.ru,Female,225.31.2.157
631,Elberta,Gentil,egentilhi@qq.com,Female,35.127.226.200
632,Antonio,Morrall,amorrallhj@canalblog.com,Male,248.20.131.141
633,Lucina,Roches,lrocheshk@aol.com,Female,165.232.61.50
634,Lanni,Witson,lwitsonhl@blogs.com,Female,79.32.88.212
635,Mandel,Menpes,mmenpeshm@goo.gl,Male,87.219.139.242
636,Flem,Buddock,fbuddockhn@hatena.ne.jp,Male,90.46.242.227
637,Duane,Furmston,dfurmstonho@hp.com,Male,40.2.2.233
638,Orrin,Brayley,obrayleyhp@privacy.gov.au,Male,150.18.132.100
639,Ogdon,Abell,oabellhq@flickr.com,Male,205.154.60.49
640,Raoul,Billie,rbilliehr@dyndns.org,Male,25.91.156.70
641,Mil,Krzyzaniak,mkrzyzaniakhs@example.com,Female,224.42.138.211
642,Wat,Basire,wbasireht@thetimes.co.uk,Male,159.170.242.179
643,Sam,Tuff,stuffhu@elegantthemes.com,Female,203.26.198.221
644,Hannis,Murcutt,hmurcutthv@hubpages.com,Female,112.67.88.28
645,Olly,Fluck,ofluckhw@cafepress.com,Female,138.50.11.182
646,Lambert,Swadden,lswaddenhx@ezinearticles.com,Male,245.77.214.14
647,Vanya,Verecker,vvereckerhy@bbc.co.uk,Male,191.180.238.144
648,Hermina,Lawlor,hlawlorhz@hibu.com,Female,109.100.130.245
649,Zarla,Covotto,zcovottoi0@hugedomains.com,Female,163.28.71.241
650,Deb,O'Lahy,dolahyi1@google.nl,Female,91.55.96.180
651,Welsh,Alcoran,walcorani2@omniture.com,Male,25.250.110.75
652,Willamina,Beuscher,wbeuscheri3@symantec.com,Female,98.154.236.158
653,Steven,Burree,sburreei4@etsy.com,Male,66.98.97.217
654,Edwin,Moores,emooresi5@cocolog-nifty.com,Male,74.140.141.131
655,Ethelbert,Miliffe,emiliffei6@nih.gov,Male,209.135.102.163
656,Norah,Calver,ncalveri7@imdb.com,Female,31.168.76.249
657,Stefano,McKeachie,smckeachiei8@shinystat.com,Male,125.169.196.228
658,Thorndike,Gostage,tgostagei9@msu.edu,Male,107.123.92.187
659,Leroy,Witt,lwittia@4shared.com,Male,20.184.20.253
660,Zachery,Seagrave,zseagraveib@yahoo.co.jp,Male,118.58.85.122
661,Ailbert,MacCracken,amaccrackenic@ezinearticles.com,Male,34.207.28.192
662,Shari,Hallet,shalletid@live.com,Female,124.241.238.88
663,Kelly,Doward,kdowardie@angelfire.com,Male,27.81.0.109
664,Hyacinth,Brenstuhl,hbrenstuhlif@wordpress.com,Female,45.129.130.224
665,Zora,Pointing,zpointingig@nps.gov,Female,108.198.43.176
666,Carny,Miner,cminerih@miitbeian.gov.cn,Male,72.113.112.151
667,Florian,Weine,fweineii@printfriendly.com,Male,76.188.197.88
668,Ardeen,Sottell,asottellij@google.de,Female,60.132.83.141
669,Veda,Scutching,vscutchingik@spotify.com,Female,80.121.177.18
670,Manuel,Boynes,mboynesil@google.it,Male,235.12.151.240
671,Darla,Lovelace,dlovelaceim@wikia.com,Female,235.212.145.50
672,Gerry,Dockwray,gdockwrayin@boston.com,Male,154.73.178.190
673,Kev,Salvage,ksalvageio@berkeley.edu,Male,185.248.162.148
674,Glynda,Sollam,gsollamip@indiatimes.com,Female,54.231.90.134
675,Perry,Blucher,pblucheriq@dagondesign.com,Female,140.74.171.24
676,Estevan,Mapples,emapplesir@unesco.org,Male,181.118.214.172
677,Farley,Edelheit,fedelheitis@virginia.edu,Male,121.212.160.178
678,Pavel,Thowless,pthowlessit@themeforest.net,Male,16.13.15.68
679,Delainey,De Roos,dderoosiu@storify.com,Male,88.116.14.31
680,La verne,Kittman,lkittmaniv@columbia.edu,Female,215.202.87.86
681,Kain,Helgass,khelgassiw@discovery.com,Male,173.67.24.235
682,Tobie,Brastead,tbrasteadix@flickr.com,Male,239.243.126.186
683,Gale,MacGiolla,gmacgiollaiy@webmd.com,Male,102.88.241.202
684,Frayda,Lorenc,florenciz@google.co.jp,Female,22.244.37.61
685,Craggy,Willson,cwillsonj0@wikispaces.com,Male,196.153.91.35
686,Freda,Heinle,fheinlej1@skyrock.com,Female,205.0.207.156
687,Esme,Schuricht,eschurichtj2@instagram.com,Male,84.157.156.120
688,Jobyna,Bickmore,jbickmorej3@vkontakte.ru,Female,254.182.236.140
689,Ron,Ricciardiello,rricciardielloj4@springer.com,Male,157.32.49.176
690,Georas,Stebbings,gstebbingsj5@ucsd.edu,Male,60.166.114.140
691,Millicent,Frascone,mfrasconej6@mashable.com,Female,199.147.29.210
692,Cal,Landsberg,clandsbergj7@nydailynews.com,Male,62.200.198.33
693,Jemima,Schaumaker,jschaumakerj8@arizona.edu,Female,49.52.112.3
694,Selie,Fincham,sfinchamj9@unblog.fr,Female,155.63.19.208
695,Bob,Seaking,bseakingja@seesaa.net,Male,220.16.199.105
696,Jessee,Pescott,jpescottjb@hubpages.com,Male,220.56.193.7
697,Leupold,Realy,lrealyjc@scribd.com,Male,107.122.163.200
698,Krispin,Ebanks,kebanksjd@cnet.com,Male,108.181.7.85
699,Meg,Larcier,mlarcierje@weather.com,Female,109.43.133.157
700,Ingemar,Pender,ipenderjf@weather.com,Male,229.159.47.128
701,Kaela,Hammerberger,khammerbergerjg@ebay.co.uk,Female,227.59.88.174
702,Bridgette,Hrinchenko,bhrinchenkojh@indiatimes.com,Female,252.34.53.13
703,Elmo,Lawless,elawlessji@hibu.com,Male,80.178.166.128
704,Doralynne,Jorgensen,djorgensenjj@ask.com,Female,127.209.242.116
705,Lizabeth,Driffield,ldriffieldjk@squarespace.com,Female,202.235.106.159
706,Gracie,McIllrick,gmcillrickjl@slashdot.org,Female,168.5.8.2
707,Aindrea,Greville,agrevillejm@google.cn,Female,205.10.251.132
708,Herrick,Slogrove,hslogrovejn@house.gov,Male,177.238.129.162
709,Joann,Ready,jreadyjo@reuters.com,Female,8.236.86.109
710,Elton,Measures,emeasuresjp@delicious.com,Male,30.223.215.30
711,Gennifer,Lezemore,glezemorejq@chicagotribune.com,Female,0.251.235.238
712,Flint,Saundercock,fsaundercockjr@addthis.com,Male,27.182.203.219
713,Nickolai,Glazier,nglazierjs@dot.gov,Male,116.83.55.88
714,Heriberto,Mellem,hmellemjt@arstechnica.com,Male,222.6.2.147
715,Rowe,Coxhead,rcoxheadju@dyndns.org,Female,148.219.244.89
716,Clare,Pirri,cpirrijv@engadget.com,Male,173.205.25.60
717,Justino,Eloi,jeloijw@amazon.co.jp,Male,3.63.8.243
718,Koo,Fitzsymons,kfitzsymonsjx@netlog.com,Female,103.203.25.190
719,Valentino,Gillion,vgillionjy@bigcartel.com,Male,113.124.253.159
720,Urson,Soitoux,usoitouxjz@scientificamerican.com,Male,41.0.168.106
721,Angeline,Gilmore,agilmorek0@go.com,Female,152.168.52.121
722,Esra,Benning,ebenningk1@is.gd,Male,182.81.232.53
723,Fairleigh,Lewin,flewink2@deviantart.com,Male,173.209.41.193
724,Beret,McGray,bmcgrayk3@posterous.com,Female,58.8.46.105
725,Ethe,McMechan,emcmechank4@squidoo.com,Male,139.160.56.198
726,Ivette,Hullot,ihullotk5@symantec.com,Female,45.79.138.125
727,Kale,Walton,kwaltonk6@vistaprint.com,Male,195.158.125.238
728,Carmine,McCambridge,cmccambridgek7@sina.com.cn,Female,206.21.164.56
729,Dominick,Sainte Paul,dsaintepaulk8@unicef.org,Male,51.41.1.71
730,Daune,Caldaro,dcaldarok9@baidu.com,Female,148.185.115.52
731,Stafani,Heninghem,sheninghemka@xinhuanet.com,Female,95.173.238.240
732,Fletch,La Torre,flatorrekb@buzzfeed.com,Male,21.159.179.31
733,Grantley,O'Crevy,gocrevykc@biblegateway.com,Male,38.99.96.218
734,Noel,Loyns,nloynskd@dagondesign.com,Female,247.58.5.56
735,Miriam,Elcombe,melcombeke@toplist.cz,Female,45.117.22.98
736,Tadeo,Ainger,taingerkf@artisteer.com,Male,205.161.215.104
737,Thane,Banstead,tbansteadkg@ucsd.edu,Male,110.152.207.95
738,Brooks,Oldam,boldamkh@japanpost.jp,Male,13.40.197.19
739,Clemmie,Keyse,ckeyseki@ehow.com,Male,114.185.152.15
740,Harlen,Fidock,hfidockkj@mac.com,Male,36.54.142.180
741,Morrie,Westmerland,mwestmerlandkk@spotify.com,Male,135.107.184.131
742,Lura,Couzens,lcouzenskl@businessweek.com,Female,2.188.184.127
743,Rollo,Ianni,riannikm@comsenz.com,Male,115.255.140.170
744,Natty,Peddel,npeddelkn@go.com,Male,190.209.103.21
745,Silvanus,Gianolo,sgianoloko@hhs.gov,Male,105.210.131.133
746,Shem,Dingwall,sdingwallkp@w3.org,Male,249.166.109.36
747,Prinz,Rodman,prodmankq@businessweek.com,Male,88.171.22.37
748,Loella,Stobbes,lstobbeskr@shinystat.com,Female,125.255.55.63
749,Georgi,Blanchard,gblanchardks@gmpg.org,Male,134.108.7.237
750,Ynes,Giovanizio,ygiovaniziokt@netscape.com,Female,140.21.60.133
751,Skyler,Cockshut,scockshutku@sakura.ne.jp,Male,55.199.209.16
752,Nappy,Haskett,nhaskettkv@ifeng.com,Male,227.126.140.50
753,Bambie,Henmarsh,bhenmarshkw@slate.com,Female,217.225.73.140
754,Gonzalo,Flucker,gfluckerkx@sitemeter.com,Male,202.154.207.92
755,Flore,Collar,fcollarky@lulu.com,Female,177.203.245.1
756,Hayden,Cohen,hcohenkz@blogtalkradio.com,Male,144.3.227.55
757,Riki,Brecon,rbreconl0@homestead.com,Female,37.154.228.13
758,Duke,Freire,dfreirel1@bloglines.com,Male,9.217.65.164
759,Traver,Filipchikov,tfilipchikovl2@wordpress.com,Male,197.94.107.248
760,Killian,MacTague,kmactaguel3@dedecms.com,Male,78.96.233.73
761,Louie,Andover,landoverl4@chron.com,Male,34.159.58.248
762,Renie,Bearfoot,rbearfootl5@java.com,Female,58.238.11.34
763,Tadeas,Popeley,tpopeleyl6@geocities.com,Male,196.108.211.223
764,Papageno,Pile,ppilel7@nba.com,Male,168.161.74.20
765,Maxine,Collingdon,mcollingdonl8@linkedin.com,Female,51.108.133.217
766,Dickie,Dubbin,ddubbinl9@marriott.com,Male,147.221.228.144
767,Elbert,Mc Kellen,emckellenla@virginia.edu,Male,255.76.218.52
768,Norma,McFadden,nmcfaddenlb@amazon.co.jp,Female,20.141.96.95
769,Jaquith,Hewertson,jhewertsonlc@bing.com,Female,19.62.0.33
770,Moyna,Westover,mwestoverld@nih.gov,Female,125.244.197.218
771,Sarah,Mingauld,smingauldle@4shared.com,Female,16.120.215.66
772,Dave,Way,dwaylf@themeforest.net,Male,186.130.40.191
773,Shannah,Winsiowiecki,swinsiowieckilg@census.gov,Female,231.80.214.236
774,Emanuel,Groomebridge,egroomebridgelh@deviantart.com,Male,155.113.250.85
775,Van,Kacheller,vkachellerli@biglobe.ne.jp,Female,192.41.23.94
776,Andie,Farbrace,afarbracelj@jigsy.com,Male,184.177.161.41
777,Benito,Moncreiffe,bmoncreiffelk@blinklist.com,Male,222.32.230.46
778,Jourdain,Hodgets,jhodgetsll@techcrunch.com,Male,99.193.6.171
779,Gav,Elsip,gelsiplm@mit.edu,Male,69.203.191.74
780,Dasha,Morsey,dmorseyln@toplist.cz,Female,97.22.59.40
781,Allayne,Guice,aguicelo@webeden.co.uk,Male,122.146.248.229
782,Tommie,Bilovus,tbilovuslp@hp.com,Male,50.104.106.23
783,Pepe,Olivella,polivellalq@macromedia.com,Male,34.124.118.56
784,Grenville,Bever,gbeverlr@cnbc.com,Male,139.217.31.59
785,Melodie,Tiffney,mtiffneyls@washington.edu,Female,188.32.38.241
786,Hieronymus,Retter,hretterlt@last.fm,Male,60.82.133.74
787,Addie,Rigmond,arigmondlu@meetup.com,Female,76.62.173.211
788,Cris,Chapling,cchaplinglv@behance.net,Female,242.37.39.48
789,Beniamino,Capron,bcapronlw@google.ca,Male,139.84.223.203
790,Rod,Thieme,rthiemelx@auda.org.au,Male,180.68.186.62
791,Manfred,Massimo,mmassimoly@parallels.com,Male,21.79.81.253
792,Dare,Dallaway,ddallawaylz@mayoclinic.com,Male,112.29.192.178
793,Kittie,Gouda,kgoudam0@xinhuanet.com,Female,70.201.131.53
794,Cele,Mossbee,cmossbeem1@xrea.com,Female,198.74.223.46
795,Florrie,Winward,fwinwardm2@com.com,Female,87.114.178.155
796,Inglis,Lemmers,ilemmersm3@gizmodo.com,Male,17.224.38.188
797,Sherlocke,Reese,sreesem4@mtv.com,Male,208.40.182.85
798,Buddy,Rieflin,brieflinm5@sbwire.com,Male,120.33.45.4
799,Horace,Callen,hcallenm6@mapy.cz,Male,95.208.77.247
800,Jermaine,Conyard,jconyardm7@fc2.com,Male,50.242.190.102
801,Allayne,Pideon,apideonm8@cpanel.net,Male,45.9.70.213
802,Linn,Greenside,lgreensidem9@google.ca,Male,34.150.40.119
803,Gilberta,Tallent,gtallentma@woothemes.com,Female,229.149.74.201
804,Hillyer,Abrey,habreymb@histats.com,Male,104.65.199.130
805,Carroll,Zoane,czoanemc@networksolutions.com,Male,246.18.41.172
806,Rossie,Goldson,rgoldsonmd@taobao.com,Male,226.0.240.158
807,Frants,Dregan,fdreganme@slate.com,Male,216.170.113.129
808,Terrye,Estcourt,testcourtmf@nih.gov,Female,7.254.131.142
809,Walsh,Yukhov,wyukhovmg@sfgate.com,Male,68.174.94.39
810,Fredia,Wallington,fwallingtonmh@wikimedia.org,Female,112.151.71.210
811,Salvidor,Wassung,swassungmi@about.me,Male,241.12.129.193
812,Halsey,Batt,hbattmj@unc.edu,Male,183.229.109.208
813,Izzy,Maase,imaasemk@nymag.com,Male,230.11.170.179
814,Tann,Dullingham,tdullinghamml@theglobeandmail.com,Male,51.43.97.97
815,Royce,Fleet,rfleetmm@cbc.ca,Male,35.226.77.62
816,Dorelia,Annetts,dannettsmn@blogs.com,Female,245.254.61.220
817,Cordy,Schoenleiter,cschoenleitermo@mlb.com,Female,84.116.152.7
818,Nicolas,Shearwood,nshearwoodmp@disqus.com,Male,160.213.79.108
819,Ketty,Fawckner,kfawcknermq@nifty.com,Female,122.132.237.8
820,Bren,Acomb,bacombmr@boston.com,Male,233.212.58.9
821,Sibby,Delafont,sdelafontms@dell.com,Female,236.199.203.248
822,Jsandye,Matuska,jmatuskamt@ask.com,Female,129.45.103.185
823,Sanford,Ansell,sansellmu@about.com,Male,104.168.98.57
824,Sigvard,Riccardo,sriccardomv@intel.com,Male,39.244.164.184
825,Bekki,Imesson,bimessonmw@deviantart.com,Female,25.192.128.127
826,Ruperta,Gurwood,rgurwoodmx@cpanel.net,Female,255.120.7.188
827,Reinwald,Flips,rflipsmy@list-manage.com,Male,98.193.106.61
828,Jenni,Runge,jrungemz@go.com,Female,2.81.16.87
829,Connie,Costar,ccostarn0@apple.com,Female,100.252.202.220
830,Aguie,Hussy,ahussyn1@ca.gov,Male,212.24.16.172
831,Phineas,Kempston,pkempstonn2@mlb.com,Male,196.131.116.152
832,Mallory,Sabater,msabatern3@gmpg.org,Female,60.73.108.214
833,Elva,Humburton,ehumburtonn4@imageshack.us,Female,96.162.220.26
834,Bernita,Tunesi,btunesin5@whitehouse.gov,Female,63.184.149.56
835,Ignace,Catford,icatfordn6@opera.com,Male,130.23.122.26
836,Gage,Ratledge,gratledgen7@ibm.com,Male,28.97.244.18
837,Belvia,Healeas,bhealeasn8@washington.edu,Female,211.231.147.248
838,Fernanda,Ambrogelli,fambrogellin9@mtv.com,Female,63.64.103.164
839,Ring,Gonoude,rgonoudena@webs.com,Male,110.174.89.246
840,Zeb,Sherrett,zsherrettnb@newsvine.com,Male,200.242.2.221
841,Milton,Jeckells,mjeckellsnc@google.ru,Male,49.132.251.124
842,Margalit,Georgius,mgeorgiusnd@list-manage.com,Female,223.172.107.224
843,Moss,Decourcy,mdecourcyne@ehow.com,Male,15.147.73.121
844,Manolo,Dreghorn,mdreghornnf@ucsd.edu,Male,108.201.212.88
845,Agace,Lymer,alymerng@yandex.ru,Female,221.170.179.140
846,Karissa,Tungay,ktungaynh@ameblo.jp,Female,50.131.29.72
847,Almeda,Mugleston,amuglestonni@odnoklassniki.ru,Female,249.0.58.164
848,Pacorro,Barnwille,pbarnwillenj@ameblo.jp,Male,31.50.39.170
849,Val,Albers,valbersnk@smugmug.com,Female,27.69.80.216
850,Etta,Cossentine,ecossentinenl@senate.gov,Female,108.98.2.166
851,Rog,Brokenbrow,rbrokenbrownm@patch.com,Male,95.91.176.152
852,Oliver,Stranks,ostranksnn@slideshare.net,Male,27.52.21.21
853,Gustaf,Scrase,gscraseno@youku.com,Male,168.70.67.24
854,Burch,Rosengart,brosengartnp@go.com,Male,21.168.95.131
855,Mathe,Priver,mprivernq@nhs.uk,Male,79.62.21.9
856,Melody,Sifflett,msifflettnr@ted.com,Female,130.75.220.122
857,Bernie,Bowell,bbowellns@networksolutions.com,Male,95.251.241.87
858,Austina,Hollindale,ahollindalent@cargocollective.com,Female,132.30.138.147
859,Essy,Castagna,ecastagnanu@twitter.com,Female,0.11.219.216
860,Sharona,Byrne,sbyrnenv@earthlink.net,Female,224.186.234.206
861,Teddi,Chinnick,tchinnicknw@washingtonpost.com,Female,153.93.109.232
862,Conn,Onthank,conthanknx@goo.ne.jp,Male,160.132.99.12
863,Harcourt,Buche,hbucheny@macromedia.com,Male,23.150.200.180
864,Joan,Kilshaw,jkilshawnz@typepad.com,Female,23.229.89.211
865,Clare,Kidstone,ckidstoneo0@bizjournals.com,Male,158.210.148.190
866,Quincy,Vasilchikov,qvasilchikovo1@unc.edu,Male,28.90.61.248
867,Berget,Brumpton,bbrumptono2@apple.com,Female,1.74.116.184
868,Arne,Yter,aytero3@usnews.com,Male,89.145.165.149
869,Othilia,Cullin,ocullino4@arizona.edu,Female,53.63.95.189
870,Elna,Beven,ebeveno5@linkedin.com,Female,155.9.41.230
871,Danell,Varnam,dvarnamo6@foxnews.com,Female,82.154.21.169
872,Arnie,Gaskell,agaskello7@washington.edu,Male,62.206.15.151
873,Junia,McCrackem,jmccrackemo8@dailymail.co.uk,Female,85.68.15.51
874,Rudiger,Penny,rpennyo9@theglobeandmail.com,Male,149.227.146.138
875,Shaun,De Avenell,sdeavenelloa@irs.gov,Female,241.194.12.238
876,Darcee,Grevatt,dgrevattob@oracle.com,Female,144.140.136.32
877,Adara,Morpeth,amorpethoc@wikia.com,Female,1.194.217.66
878,Preston,Mullineux,pmullineuxod@aol.com,Male,217.192.75.76
879,Noak,Eseler,neseleroe@go.com,Male,84.157.240.178
880,Andie,Jedrachowicz,ajedrachowiczof@issuu.com,Male,142.91.252.87
881,Muire,Kenner,mkennerog@ning.com,Female,51.2.62.56
882,Lonnard,Tunna,ltunnaoh@google.pl,Male,252.25.36.1
883,Garik,Gearty,ggeartyoi@engadget.com,Male,73.247.124.127
884,Felicio,McGhee,fmcgheeoj@furl.net,Male,179.10.147.39
885,Bev,Larkins,blarkinsok@illinois.edu,Male,228.129.83.11
886,Lucila,Barff,lbarffol@ebay.com,Female,68.121.74.2
887,Kathryne,Wolford,kwolfordom@e-recht24.de,Female,130.193.42.90
888,Jed,Greenshields,jgreenshieldson@acquirethisname.com,Male,62.211.176.252
889,Trescha,Oates,toatesoo@cbslocal.com,Female,84.60.222.129
890,Yorker,Elphinston,yelphinstonop@stumbleupon.com,Male,142.8.12.129
891,Birk,Millions,bmillionsoq@joomla.org,Male,16.41.198.168
892,Lexie,Halegarth,lhalegarthor@storify.com,Female,183.222.55.6
893,Carlie,Stormont,cstormontos@hatena.ne.jp,Female,220.230.185.246
894,Susanna,Delle,sdelleot@symantec.com,Female,29.251.124.92
895,Luise,Syddall,lsyddallou@opera.com,Female,30.112.40.131
896,Iseabal,Colly,icollyov@goo.ne.jp,Female,253.153.85.0
897,Ronnie,Jeandon,rjeandonow@mail.ru,Female,231.23.212.4
898,Batholomew,Grassot,bgrassotox@forbes.com,Male,31.172.141.13
899,Sophey,Mc Queen,smcqueenoy@state.tx.us,Female,110.150.66.142
900,Diena,Renachowski,drenachowskioz@mlb.com,Female,185.197.208.74
901,Pablo,Godsell,pgodsellp0@dailymotion.com,Male,94.49.97.88
902,Morrie,Switland,mswitlandp1@xing.com,Male,109.53.170.16
903,Clio,Oakley,coakleyp2@bloglovin.com,Female,72.243.177.171
904,Mace,Marlin,mmarlinp3@yelp.com,Male,54.67.196.79
905,Humbert,Scally,hscallyp4@cnet.com,Male,191.33.132.116
906,Giles,Ord,gordp5@desdev.cn,Male,244.91.146.226
907,Winona,Franceschino,wfranceschinop6@un.org,Female,30.233.100.39
908,Zulema,Alchin,zalchinp7@census.gov,Female,85.160.154.30
909,Sydelle,Hinchshaw,shinchshawp8@sogou.com,Female,111.66.2.191
910,Dido,Yann,dyannp9@123-reg.co.uk,Female,207.64.48.249
911,Frederico,McFee,fmcfeepa@reuters.com,Male,243.25.16.245
912,Arley,Southcomb,asouthcombpb@sogou.com,Male,171.163.185.184
913,Sallee,Tuminini,stumininipc@arstechnica.com,Female,234.171.115.99
914,Perla,Canti,pcantipd@auda.org.au,Female,22.19.151.43
915,Andreana,Endle,aendlepe@mit.edu,Female,196.181.147.185
916,Waverley,Heephy,wheephypf@umich.edu,Male,246.245.16.58
917,Mahmud,Minihane,mminihanepg@homestead.com,Male,15.233.139.77
918,Cati,Print,cprintph@wufoo.com,Female,123.208.159.159
919,Jenna,Fellona,jfellonapi@eepurl.com,Female,140.118.196.81
920,Cloris,Radnedge,cradnedgepj@umn.edu,Female,107.101.201.19
921,Bryanty,Musla,bmuslapk@imdb.com,Male,151.148.134.72
922,Sylvester,Turfitt,sturfittpl@taobao.com,Male,124.197.58.119
923,Sybil,O'Tuohy,sotuohypm@example.com,Female,212.146.125.24
924,Cross,Cuffin,ccuffinpn@bing.com,Male,247.90.76.111
925,Sholom,Wilmore,swilmorepo@ifeng.com,Male,70.129.30.47
926,Darius,O'Hallihane,dohallihanepp@simplemachines.org,Male,110.181.149.178
927,Craig,Stummeyer,cstummeyerpq@thetimes.co.uk,Male,52.51.250.173
928,Urbanus,Auchterlony,uauchterlonypr@taobao.com,Male,49.33.62.243
929,Carly,Zarfai,czarfaips@behance.net,Female,4.221.134.156
930,Berkeley,Crellin,bcrellinpt@ask.com,Male,81.63.144.122
931,Estelle,Wixey,ewixeypu@wix.com,Female,233.182.81.71
932,Augustina,Rennard,arennardpv@domainmarket.com,Female,179.170.254.65
933,Quinn,Chitson,qchitsonpw@cnet.com,Male,162.254.127.86
934,Eolande,Burbage,eburbagepx@t-online.de,Female,225.141.35.189
935,Lonnie,Oganesian,loganesianpy@dailymail.co.uk,Female,193.182.102.50
936,Bernarr,Flahive,bflahivepz@quantcast.com,Male,77.127.244.77
937,Raimondo,Fothergill,rfothergillq0@yolasite.com,Male,56.66.92.35
938,Alli,Frohock,afrohockq1@infoseek.co.jp,Female,183.88.52.214
939,Wendell,Dorey,wdoreyq2@clickbank.net,Male,234.51.74.46
940,Veradis,Terese,vtereseq3@newyorker.com,Female,222.152.252.237
941,Gregor,Towriss,gtowrissq4@sitemeter.com,Male,174.249.97.196
942,Kristian,Croke,kcrokeq5@lycos.com,Male,108.188.71.19
943,Svend,Flippini,sflippiniq6@ning.com,Male,216.125.57.214
944,Cheston,Millard,cmillardq7@usa.gov,Male,7.201.30.51
945,Hanni,Richards,hrichardsq8@indiatimes.com,Female,73.208.53.210
946,Heall,Demare,hdemareq9@cyberchimps.com,Male,96.41.77.12
947,Chas,Ferneley,cferneleyqa@wufoo.com,Male,137.151.17.61
948,Freda,Koppel,fkoppelqb@mlb.com,Female,11.23.164.137
949,Audy,Runchman,arunchmanqc@discuz.net,Female,213.156.81.117
950,Adore,Ace,aaceqd@economist.com,Female,174.179.63.9
951,Kelley,Cropper,kcropperqe@yandex.ru,Female,10.42.88.24
952,Perri,Hulse,phulseqf@phpbb.com,Female,210.213.255.143
953,Graehme,Keymer,gkeymerqg@businessinsider.com,Male,3.226.28.242
954,Heather,Kleinstein,hkleinsteinqh@printfriendly.com,Female,4.31.235.201
955,Morissa,Klimus,mklimusqi@slideshare.net,Female,181.194.204.161
956,Hernando,Pavlik,hpavlikqj@multiply.com,Male,169.84.14.80
957,Cassius,Larose,claroseqk@miitbeian.gov.cn,Male,118.213.215.160
958,Cory,Readhead,creadheadql@issuu.com,Female,150.229.118.226
959,Deidre,Bruckman,dbruckmanqm@hc360.com,Female,153.97.92.2
960,Jarrad,Dufton,jduftonqn@typepad.com,Male,211.157.243.157
961,Matthaeus,Sackler,msacklerqo@acquirethisname.com,Male,24.6.211.97
962,Shadow,Fantonetti,sfantonettiqp@fastcompany.com,Male,145.15.79.42
963,Lise,Greatbanks,lgreatbanksqq@goo.gl,Female,178.77.246.86
964,Webb,Northway,wnorthwayqr@usgs.gov,Male,83.90.88.200
965,Sidney,Couves,scouvesqs@sakura.ne.jp,Male,61.242.6.104
966,Myles,Soans,msoansqt@360.cn,Male,153.222.196.108
967,Amos,Fairnie,afairniequ@moonfruit.com,Male,218.250.159.63
968,Renado,Curryer,rcurryerqv@digg.com,Male,203.24.140.129
969,Valaree,Sculley,vsculleyqw@com.com,Female,125.51.15.34
970,Ailis,Semiraz,asemirazqx@artisteer.com,Female,149.33.194.230
971,Jacquelyn,Sabate,jsabateqy@bloglovin.com,Female,70.207.209.240
972,Lockwood,McGibbon,lmcgibbonqz@issuu.com,Male,195.200.136.124
973,Bertram,Readshall,breadshallr0@chron.com,Male,90.115.85.11
974,Rutter,Harverson,rharversonr1@skyrock.com,Male,216.245.170.117
975,Muhammad,Meany,mmeanyr2@google.co.uk,Male,136.34.222.81
976,Blakelee,Crinson,bcrinsonr3@virginia.edu,Female,185.29.25.182
977,David,MacIlwrick,dmacilwrickr4@parallels.com,Male,208.98.17.28
978,Kerwin,Moyce,kmoycer5@multiply.com,Male,187.242.201.95
979,Edik,Horder,ehorderr6@unc.edu,Male,153.221.214.123
980,Darleen,Kirke,dkirker7@wp.com,Female,199.173.107.5
981,Dorotea,Preble,dprebler8@amazon.com,Female,232.229.6.80
982,Hansiain,Lowles,hlowlesr9@imdb.com,Male,146.134.209.142
983,Les,Humburton,lhumburtonra@gov.uk,Male,246.97.149.57
984,Lainey,Ferrer,lferrerrb@a8.net,Female,46.83.36.177
985,Lynette,Bucknill,lbucknillrc@devhub.com,Female,142.234.24.175
986,Sheree,Lebond,slebondrd@mac.com,Female,110.181.211.103
987,Tallulah,Maffetti,tmaffettire@ebay.com,Female,161.109.94.239
988,Aidan,MacNish,amacnishrf@webs.com,Female,108.197.44.40
989,Caspar,St. Leger,cstlegerrg@princeton.edu,Male,181.73.222.182
990,Ruthie,Calan,rcalanrh@fda.gov,Female,45.56.66.218
991,Rayner,Nickoll,rnickollri@google.de,Male,208.94.76.4
992,Karena,Kembrey,kkembreyrj@unblog.fr,Female,225.132.203.159
993,Wiley,Morch,wmorchrk@nydailynews.com,Male,22.124.173.124
994,Gabriell,Vasilov,gvasilovrl@icq.com,Female,159.117.188.228
995,Prudi,Sussex,psussexrm@scribd.com,Female,19.208.175.6
996,Sawyer,Espinal,sespinalrn@domainmarket.com,Male,31.184.80.242
997,Em,Teare,etearero@deviantart.com,Female,183.204.165.254
998,Jacenta,Laxton,jlaxtonrp@vkontakte.ru,Female,114.251.106.149
999,Torrin,Jenteau,tjenteaurq@so-net.ne.jp,Male,32.82.129.162
1000,Timothee,Loan,tloanrr@devhub.com,Male,234.135.94.64
